{"_step":2,"train/loss":4.157190799713135,"train/lr":0,"train/epoch":1,"_wandb":{"runtime":18},"_runtime":18,"train/step":0,"_timestamp":1.7700110125231485e+09}